آرزو, FEMALE
فرج, MALE
فرح, FEMALE
فرخ, MALE
روح الامين, MALE
حسين علي, MALE
سيدمحمداسماعيل, MALE
اسوه, FEMALE
وحيدرضا, MALE
حوريه سادات, FEMALE
فخرالدين, MALE
ثنا, FEMALE
گلزار, FEMALE
تنزيله, FEMALE
اتابك, MALE
بهرنگ, MALE
رهاسادات, FEMALE
نيوشا, FEMALE
علي آقا, MALE
فائزه سادات, FEMALE
حسين رضا, MALE
واحد, MALE
باران, FEMALE
ترانه سادات, FEMALE
سيدهمايون, MALE
حليمه سادات, FEMALE
سيدمرتضي علي, MALE
سيدابوالفضل, MALE
پانته آ, FEMALE
باربد, MALE
شاهين, MALE
سيدموسي, MALE
سوگل, FEMALE
معصومه, FEMALE
حسام الدين, MALE
ميرمسعود, MALE
ژاله, FEMALE
سهيل, MALE
سيدنصرت اله, MALE
فلورا, FEMALE
ظفر, MALE
صباح, FEMALE
رعناء, FEMALE
محمدصابر, MALE
سيده پريسا, FEMALE
ابوالقاسم, MALE
عطاءاله, MALE
مهرزاد, FEMALE
هيربد, MALE
شهاب, MALE
رشيد, MALE
كياندخت, FEMALE
سيده زمانه, FEMALE
سيدحسن, MALE
صاحب بانو, FEMALE
امامعلي, MALE
ساجده, FEMALE
زردشت, MALE
كيانا, FEMALE
اردشير, MALE
دانيال, MALE
فاضله, FEMALE
عدنان, MALE
الهه, FEMALE
آيكان, MALE
سيده شهربانو, FEMALE
نابغه, FEMALE
هيراد, MALE
مهديه, FEMALE
شعيب, MALE
اسلم, MALE
اسما, FEMALE
سيدخليل, MALE
صالح, MALE
آيت الله, MALE
ارشام, MALE
عشرت, FEMALE
اسمر, FEMALE
يعقوب, MALE
برزان, MALE
تيرداد, MALE
گل ناز, FEMALE
سيدعبدالكريم, MALE
محمدسروش, MALE
آيرين, FEMALE
سيدرضا, MALE
بهزاد, MALE
ادريس, MALE
هيرو, FEMALE
عبدالامير, MALE
حشمت اله, MALE
مازيار, MALE
موسي, MALE
ياس, FEMALE
سلب ناز, FEMALE
سيدعادل, MALE
سيدستار, MALE
آرتادخت, FEMALE
صياد, MALE
عصمت سادات, FEMALE
تيام, FEMALE
كياوش, MALE
واحده, FEMALE
سيدالياس, MALE
سيده دنيا, FEMALE
توفيق, MALE
حبيب الله, MALE
چمران, MALE
صابره, FEMALE
سواك, MALE
شبنم, FEMALE
اكو, MALE
اميرشروين, MALE
سميه سادات, FEMALE
امرالله, MALE
محمدهاشم, MALE
ساناز, FEMALE
بهمن, MALE
نصير, MALE
اميرطاها, MALE
سيدپيام, MALE
آرينا, FEMALE
گلنارسادات, FEMALE
آذين, FEMALE
محمدولي, MALE
هيدي, MALE
بهروز, MALE
سهند, MALE
نفيسه, FEMALE
سيده آسيه, FEMALE
مظاهر, MALE
مهديس, FEMALE
سيدعارف, MALE
فرمان, MALE
خالد, MALE
ضياءالدين, MALE
زمزم, FEMALE
امل, FEMALE
محمدجعفر, MALE
حكمت اله, MALE
علي اصغر, MALE
زينت السادات, FEMALE
توران, FEMALE
حبيب, MALE
اميرمصطفي, MALE
ساعده, FEMALE
حديثه سادات, FEMALE
ادهم, MALE
فاتح, MALE
سيدرحمت اله, MALE
ابوسعيد, MALE
مسروره, FEMALE
ابتسام, FEMALE
نوشين, FEMALE
محمدصدرا, MALE
طوبي, FEMALE
اشرف, FEMALE
سوسنبر, FEMALE
امان اله, MALE
خيام, MALE
سيدعلي محمد, MALE
گلنوش, FEMALE
سيوان, MALE
روياء, FEMALE
مه رو, FEMALE
سوسن, FEMALE
اعتماد, MALE
سيدعلي, MALE
آيين, MALE
كليم اله, MALE
منصوره سادات, FEMALE
پوران, FEMALE
ايزدمهر, MALE
ماه نشان, FEMALE
شفق, FEMALE
سيده شيدا, FEMALE
علي مدد, MALE
محمدهادي, MALE
ام كلثوم, FEMALE
ميعاد, MALE
شراره, FEMALE
مصطفي, MALE
عطاءالله, MALE
شادمهر, MALE
آزاده, FEMALE
عبدالرحيم, MALE
عاصمه, FEMALE
سيده مريم, FEMALE
جواد, MALE
محمدسعيد, MALE
عبدالمالك, MALE
مژگان, FEMALE
ارشاد, MALE
محمدحمزه, MALE
محمدشاكر, MALE
سيددانوش, MALE
غزاله سادات, FEMALE
مه رخ, FEMALE
رزيتا, FEMALE
سيدحجت, MALE
مهشاد, FEMALE
رحمت الله, MALE
حبيب الرحمان, MALE
انيسه, FEMALE
عذري, FEMALE
بهنوش, FEMALE
خليل اله, MALE
شكيبا, FEMALE
عذرا, FEMALE
سيداسلام, MALE
خيرالنساء, FEMALE
سيدابوذر, MALE
نعيمه, FEMALE
ايت, MALE
فرشته سادات, FEMALE
غلامرضا, MALE
سيدشيرزاد, MALE
ملك, FEMALE
بهنود, MALE
آرمينا, FEMALE
كاوان, MALE
پارميدا, FEMALE
اميرمسعود, MALE
ميمنت, FEMALE
عبدالباسط, MALE
گلسا, FEMALE
محمدپارسا, MALE
سيدتوحيد, MALE
محمدمهدي, MALE
سيدشايان, MALE
سيداميرعطا, MALE
عبدالرحمن, MALE
محمدمجتبي, MALE
رفيع, MALE
سيدصالح, MALE
فائز, MALE
سيدسبحان, MALE
منا, FEMALE
سيده مهسا, FEMALE
اروين, MALE
زاره, MALE
سوده, FEMALE
سالومه, FEMALE
سلام, MALE
ميرمصطفي, MALE
محمدرسول, MALE
نجمه سادات, FEMALE
وليد, MALE
محمدطيب, MALE
بهنيا, MALE
شمس, FEMALE
اميركسرا, MALE
صفيرا, FEMALE
ساجده سادات, FEMALE
مائده, FEMALE
برزويه, MALE
محمدكاظم, MALE
سودا, FEMALE
امجد, MALE
سيدشهاب, MALE
مهديار, MALE
سيدعرفان, MALE
صداقت, MALE
صبا, FEMALE
استاتيرا, FEMALE
سيدسهيل, MALE
سيده هاجر, FEMALE
نبي, MALE
سيدروزبه, MALE
فيروزه, FEMALE
سيده بهار, FEMALE
خديجه, FEMALE
غلامعلي, MALE
حجيه, FEMALE
بلال, MALE
يوسف رضا, MALE
اميرحسام, MALE
عسكر, MALE
ذبيح الله, MALE
شقايق, FEMALE
رمزيه, FEMALE
جاريه, FEMALE
پرديس السادات, FEMALE
خشايار, MALE
دلشاد, MALE
رامبد, MALE
گيسيا, FEMALE
علي آريا, MALE
عايشه, FEMALE
محمدصديق, MALE
معين رضا, MALE
يوسف علي, MALE
فاروق, MALE
يداله, MALE
محمداسمعيل, MALE
نورالدين, MALE
سيدمحمدباقر, MALE
عزت, FEMALE
ميرسهيل, MALE
مهنا, FEMALE
سيدارشيا, MALE
جمال الدين, MALE
سيدحبيب, MALE
محمدمحمود, MALE
مبينا, FEMALE
عطيه, FEMALE
حميد, MALE
حاجي حسين, MALE
نجف, MALE
مهرانه سادات, FEMALE
رافع, MALE
نجم, MALE
تانيا, FEMALE
سيدحميدرضا, MALE
اميرحسن, MALE
فرداد, MALE
شايسته, FEMALE
داوود, MALE
عليرضا, MALE
اسمعيل, MALE
حسينعلي, MALE
خانلار, MALE
سكينه, FEMALE
فطرس, MALE
سامره, FEMALE
سيده سكينه, FEMALE
سپهر, MALE
سيده نجمه, FEMALE
مهرعلي, MALE
شميمه, FEMALE
هانيه سادات, FEMALE
همايون, MALE
مقصودعلي, MALE
منصوره, FEMALE
طليعه, FEMALE
سيده ريحانه, FEMALE
شفيق, MALE
الماس, MALE
عسل, FEMALE
مهلا, FEMALE
سيدعباس, MALE
عابد, MALE
عاطفه سادات, FEMALE
پيام, MALE
هستي سادات, FEMALE
سيدمحمدوهاب, MALE
عبدالعظيم, MALE
ندا, FEMALE
آمنه, FEMALE
ساجدعلي, MALE
نعمت, MALE
هاجرسادات, FEMALE
پويان, MALE
سيده امينه, FEMALE
ماهور, MALE
عبدالاحد, MALE
رؤف, MALE
نويده, FEMALE
كنعان, MALE
رومينا, FEMALE
ولي اله, MALE
حنان, MALE
سيدميلاد, MALE
آيدا, FEMALE
يگانه, FEMALE
سيدفتح اله, MALE
محمدپوريا, MALE
سمانه سادات, FEMALE
سيدرفيق, MALE
قدرت اله, MALE
الشن, MALE
ايران, FEMALE
محمدعارف, MALE
بهتاش, MALE
نعمت الله, MALE
كاوه, MALE
نيما, MALE
نيلي, FEMALE
حيدر, MALE
نوبخت, MALE
ساراسادات, FEMALE
سيدجواد, MALE
سيده نرجس, FEMALE
سيدنسرين, FEMALE
سيدكيوان, MALE
علي داد, MALE
حجت اله, MALE
اسري, FEMALE
محمدنعيم, MALE
كاويان, MALE
مسعود, MALE
عطا, MALE
فهد, MALE
سيده هانيه, FEMALE
ميرعليرضا, MALE
مهزيار, MALE
اعظم سادات, FEMALE
سيداشرف, MALE
مريم السادات, FEMALE
غلامحسن, MALE
شيخ محمد, MALE
سيده نرگس, FEMALE
شاپور, MALE
نيكو, FEMALE
سيدصدرالدين, MALE
سيدارميا, MALE
آناهيت, FEMALE
سيده شقايق, FEMALE
سيده سودابه, FEMALE
قهرمان, MALE
عبدالطيف, MALE
سيدفرهاد, MALE
منيره سادات, FEMALE
آناهيد, FEMALE
محمدعادل, MALE
صادق, MALE
منيره, FEMALE
تارا, FEMALE
رحيمه, FEMALE
هديه, FEMALE
نجوا, FEMALE
وداد, FEMALE
عزيزه, FEMALE
صدف, FEMALE
مرجانه, FEMALE
تارخ, MALE
مهدخت, FEMALE
شيرزاد, MALE
فخريه, FEMALE
اميريوسف, MALE
حكيمه, FEMALE
اويس, MALE
سالاررضا, MALE
پرنون, FEMALE
سيده كبرا, FEMALE
عصمت السادات, FEMALE
عبدالكريم, MALE
سيده مرضيه, FEMALE
شيوا, FEMALE
شعله, FEMALE
غلام, MALE
سيدمازيار, MALE
سيدهيوا, MALE
مهساالسادات, FEMALE
امين اله, MALE
كوثرسادات, FEMALE
لعياء, FEMALE
آنسه, FEMALE
بنت الهدي, FEMALE
فرساد, MALE
سيدعميد, MALE
داشاد, MALE
عليه, FEMALE
سيروس, MALE
سخاوت, MALE
پريناز, FEMALE
عارف, MALE
سوگند, FEMALE
پرهام, MALE
علاءالدين, MALE
برات محمد, MALE
محمدمعز, MALE
اسرين, FEMALE
شينا, FEMALE
عدالت, MALE
سيدسليمان, MALE
اميرپرهام, MALE
صفدر, MALE
قدرت الله, MALE
كوروش, MALE
ستار, MALE
سيدمقداد, MALE
لادن, FEMALE
آرام, MALE
محمدصادق, MALE
سيدفرحان, MALE
عادل, MALE
شيما, FEMALE
جعفرصادق, MALE
موحد, MALE
هاني, MALE
سهيلا, FEMALE
خليل, MALE
نصر, MALE
غلام عباس, MALE
نورعلي, MALE
سيدفتح الله, MALE
سيدجلال, MALE
سروناز, FEMALE
ميديا, FEMALE
شيلا, FEMALE
هانا, FEMALE
سيدسياوش, MALE
سيده محدثه, FEMALE
سيده حصان, FEMALE
آراد, MALE
پانتا, FEMALE
سيداميررضا, MALE
نهاد, MALE
آراز, MALE
نويان, MALE
سيدسالار, MALE
سيدشريف, MALE
سيده غزل, FEMALE
نظر, MALE
رفعت, FEMALE
سيدمتين, MALE
عبدالزاهد, MALE
نبيل, MALE
مهين, FEMALE
آبتين, MALE
ياشين, MALE
هاله, FEMALE
مهرنوش, FEMALE
آتيلا, MALE
شروين, MALE
قصيده, FEMALE
صديق, MALE
صديف, MALE
عليمه, FEMALE
قرني, MALE
سيدمطهر, MALE
فرخنده, FEMALE
جنت, FEMALE
سيده سپيده, FEMALE
جمشيد, MALE
رامش, FEMALE
كبري, FEMALE
سيروان, MALE
مهيا, FEMALE
رباب, FEMALE
سعيده, FEMALE
فرزين, MALE
هيبت, FEMALE
گلتاج, FEMALE
شايلان, FEMALE
نعيم, MALE
سيده آمنه, FEMALE
فرزانه, FEMALE
آزيتا, FEMALE
اسعد, MALE
سيده رجاء, FEMALE
سيدمحمدناصر, MALE
ريزان, FEMALE
كبرا, FEMALE
محسنه, FEMALE
كميل, MALE
آشيل, MALE
زينب سادات, FEMALE
كيارش, MALE
پرنيا, FEMALE
رادين, MALE
شمس اله, MALE
محمدشفيع, MALE
سيدمهرداد, MALE
عماد, MALE
حمزه علي, MALE
عمار, MALE
سيداميرعلي, MALE
مهوش, FEMALE
محمدسبحان, MALE
سيدحمزه, MALE
سيدمهدي, MALE
تابنده, FEMALE
ميروحيد, MALE
سيدسعيد, MALE
الهه سادات, FEMALE
بدرالسادات, FEMALE
غزاله, FEMALE
محمدصهيب, MALE
عفت, FEMALE
صبيح, MALE
سيداميراحسان, MALE
فرانك, FEMALE
زرين دخت, FEMALE
هرمز, MALE
سماء, FEMALE
اميدعلي, MALE
ژاسمين, FEMALE
سيده فهيمه, FEMALE
حسينقلي, MALE
ميرمحمدرضا, MALE
سيدعبدالرحمان, MALE
محمدبشير, MALE
مشكات, FEMALE
سيده شيوا, FEMALE
لطف اله, MALE
سلمه, FEMALE
توحيد, MALE
عبدالسلام, MALE
سيدعسگر, MALE
امير, MALE
علا, MALE
مهران, MALE
ضياء, MALE
تايماز, MALE
سيدكاظم, MALE
اميد, MALE
نوشا, FEMALE
اسلام, MALE
اشرف سادات, FEMALE
محمددانيال, MALE
سحرالسادات, FEMALE
سيدجعفر, MALE
غلام حسين, MALE
سيدكيومرث, MALE
سيدامين رضا, MALE
طلعت, FEMALE
فاطمه, FEMALE
صبور, FEMALE
انوشيروان, MALE
نعمت اله, MALE
قمرزمان, FEMALE
جبرئيل, MALE
محمدوريا, MALE
سلما, FEMALE
كرامت اله, MALE
امين, MALE
سيده وحيده, FEMALE
سيدذبيح الله, MALE
ابوذر, MALE
سيدصدرا, MALE
شهناز, FEMALE
سميرا, FEMALE
علي, MALE
آيسان, FEMALE
بهداد, MALE
سيدمحمدجواد, MALE
سيده مليكا, FEMALE
سيدفرامرز, MALE
سيده حبيبه, FEMALE
پرشنگ, FEMALE
سيدپويا, MALE
زرنشان, FEMALE
حجت, MALE
سيدزهير, MALE
حيدرعلي, MALE
مينودخت, FEMALE
معظمه, FEMALE
منوچهر, MALE
سويل, FEMALE
سيف الله, MALE
نوري, MALE
عبدالرشيد, MALE
ريحانه السادات, FEMALE
ارمين, MALE
كيهان, MALE
محمدناصر, MALE
كيهانه, FEMALE
نازنين, FEMALE
سيده حميرا, FEMALE
سيف اله, MALE
آمانج, MALE
سيده نسرين, FEMALE
رؤيا, FEMALE
ميرياسر, MALE
عمر, MALE
غفار, MALE
برهان الدين, MALE
لورنس, MALE
عبدالواحد, MALE
فرناز, FEMALE
ويدا, FEMALE
سيدشجاع, MALE
نصراله, MALE
نساء, FEMALE
سيده حميده, FEMALE
رضا, MALE
علي اكبر, MALE
ايرج, MALE
فريده, FEMALE
نجمه السادات, FEMALE
مرزبان, MALE
ارشيا, MALE
فرنام, MALE
بابك, MALE
محبوب, MALE
مسيح, MALE
همت اله, MALE
اعظم السادات, FEMALE
جهانشاه, MALE
سئودا, FEMALE
سيده مهين, FEMALE
محمدطاهر, MALE
شهريار, MALE
محمدطاها, MALE
علي جبار, MALE
گيتا, FEMALE
پريا, FEMALE
سروگل, FEMALE
شهلا, FEMALE
ظريفه, FEMALE
روح انگيز, FEMALE
مسيب, MALE
رضي, MALE
صفا, FEMALE
تينا, FEMALE
پرين, FEMALE
شمزين, MALE
سيدمحمدحسن, MALE
كرمعلي, MALE
سيده بهاره, FEMALE
غلام رضا, MALE
كريم, MALE
باهره, FEMALE
پرنيان, FEMALE
سونيا, FEMALE
شيواسادات, FEMALE
شادمان, MALE
شكيب, MALE
محمدمراد, MALE
سيدمحمدعلي, MALE
تركي, MALE
سميعه, FEMALE
سيدامامعلي, MALE
مظفر, MALE
سيدهدايت الله, MALE
نقي, MALE
سيدمحمد, MALE
اسدالله, MALE
سيدصابر, MALE
صفر, MALE
نگار, FEMALE
شهرام, MALE
محمدميلاد, MALE
جابر, MALE
جهانگير, MALE
آراسته, FEMALE
شكوه, FEMALE
سيدفرج, MALE
سيدمحمدرضا, MALE
پري, FEMALE
سيدبصير, MALE
سحرناز, FEMALE
سانيا, FEMALE
عيوض, MALE
قائم, MALE
اميرشهرام, MALE
مهشيد, FEMALE
مصباح, MALE
عليمحمد, MALE
محمدطه, MALE
محمدعقيل, MALE
رحمت, MALE
فاطمه سادات, FEMALE
كامليا, FEMALE
سيده ياسمن, FEMALE
آتبين, MALE
هائيده, FEMALE
عطااله, MALE
ذبيح اله, MALE
فرج اله, MALE
فايق, MALE
رحمن, MALE
سيدهاشم, MALE
متانت, FEMALE
شورش, MALE
سيده آرزو, FEMALE
سارو, MALE
ساره, FEMALE
ارميا, MALE
قاسمعلي, MALE
شكيلا, FEMALE
عبدالمتين, MALE
صمد, MALE
صديقه, FEMALE
عبدالمطلب, MALE
فلامرز, MALE
شريعت, FEMALE
نازنين سادات, FEMALE
ميرسينا, MALE
سعداله, MALE
ثناء, FEMALE
صغري, FEMALE
سيده نازنين, FEMALE
مانياالسادات, FEMALE
حسن, MALE
ميرحسين, MALE
ليلي, FEMALE
سيدياسين, MALE
مهري سادات, FEMALE
جوهر, MALE
ژيلا, FEMALE
سارا, FEMALE
نوروز, MALE
يدالله, MALE
سيده الهه, FEMALE
سليم, MALE
ماشاءاله, MALE
حصل, FEMALE
فرامرز, MALE
صغرا, FEMALE
سيدرسول, MALE
چراغ, MALE
اسكارلت, FEMALE
ليلا, FEMALE
عنايت, MALE
اعظم, FEMALE
آيلار, FEMALE
مباركه, FEMALE
بيت اله, MALE
اميرمنصور, MALE
فرياد, MALE
سيده حانيه, FEMALE
صنم, FEMALE
فريار, FEMALE
نازگل, FEMALE
فريبا, FEMALE
مهراز, FEMALE
بيژن, MALE
مهرساسادات, FEMALE
غلام حسن, MALE
سيدمحمدفاضل, MALE
مهراب, MALE
مهراد, MALE
بهاءالدين, MALE
فريال, FEMALE
چمن, FEMALE
سيداحمدرضا, MALE
رامتين, MALE
نوزاد, MALE
محرمعلي, MALE
رقيه, FEMALE
فرض اله, MALE
سيدطه, MALE
فتح اله, MALE
نجيبه, FEMALE
اميدرضا, MALE
رامونا, FEMALE
حسناسادات, FEMALE
مديا, FEMALE
ساهره, FEMALE
سيدفرزاد, MALE
مجتبي, MALE
دلنيا, FEMALE
سلوي, FEMALE
ميرمحسن, MALE
صهبا, FEMALE
نايبعلي, MALE
فرعان, MALE
سيدهادي, MALE
ساحل, FEMALE
سيده راحله, FEMALE
ژينو, FEMALE
مولود, FEMALE
شهين, FEMALE
داغر, MALE
ميناالسادات, FEMALE
عبدالخالد, MALE
ارمغان, FEMALE
غدير, MALE
سيدمحمدابراهيم, MALE
نير, FEMALE
قدرت, MALE
ميركمال, MALE
رخ زاد, MALE
عبدالخالق, MALE
عباسعلي, MALE
بلقيس, FEMALE
جميله, FEMALE
نرگس خاتون, FEMALE
محمدحسين, MALE
صفيه, FEMALE
نورالله, MALE
سيداميرحسين, MALE
ادوين, MALE
سيده منا, FEMALE
محراب, MALE
سيدبهروز, MALE
دوين, MALE
جرديس, MALE
مسعودرضا, MALE
محمدسينا, MALE
غزل, FEMALE
سوران, MALE
سليمه, FEMALE
روناك, FEMALE
ميرهادي, MALE
قاسم علي, MALE
ماندانا, FEMALE
هامان, MALE
ميرفتاح, MALE
رعنا, FEMALE
ولاديمير, MALE
مقريك, FEMALE
باي محمد, MALE
لايق, MALE
زينال, MALE
ربابه, FEMALE
ميرزا, MALE
مطهر, MALE
محمدسالار, MALE
ليدا, FEMALE
الناز, FEMALE
فائزه, FEMALE
خدابخش, MALE
عبدالنعيم, MALE
سيدصادق, MALE
سيدسلمان, MALE
هيمن, MALE
سميه السادات, FEMALE
محمدفريد, MALE
ميررسول, MALE
سپيده سادات, FEMALE
نيلوفر, FEMALE
فردوس, FEMALE
هدا, FEMALE
رامين, MALE
نسيبه, FEMALE
اله يار, MALE
ملاحت, FEMALE
فرحناز, FEMALE
سيدحيدر, MALE
حوراسادات, FEMALE
پريساسادات, FEMALE
غلامحسين, MALE
حنيف, MALE
سيدبهزاد, MALE
فارق, MALE
اميرمطهر, MALE
عبيدالله, MALE
ضياالدين, MALE
مونس, FEMALE
صاحبه, FEMALE
گلستان, FEMALE
سيده راضيه, FEMALE
روشنك, FEMALE
سيده احلام, FEMALE
ضحي, FEMALE
عبدالستار, MALE
سيدنيما, MALE
متين, MALE
فخرالسادات, FEMALE
مهديه السادات, FEMALE
جلال, MALE
هيلا, FEMALE
راميز, MALE
مونا, FEMALE
عظيم, MALE
ميرجعفر, MALE
سيدمعين الدين, MALE
فوزيه, FEMALE
كژال, FEMALE
مهناز, FEMALE
نبي الله, MALE
فريدالدين, MALE
خاور, FEMALE
مطلب, MALE
سيده سوسن, FEMALE
مهراله, MALE
محمدمحسن, MALE
محمدسام, MALE
محمدمبين, MALE
مرصاد, MALE
محبوبه سادات, FEMALE
فردين, MALE
سيده ماجده, FEMALE
شادي آفرين, FEMALE
سيدحامد, MALE
هدي, FEMALE
سيدعبدالمجيد, MALE
شريف, MALE
علي نويد, MALE
نغمه, FEMALE
هدي سادات, FEMALE
زينب السادات, FEMALE
رمضانعلي, MALE
رها, FEMALE
جهان فر, MALE
مهريان, FEMALE
حليمه, FEMALE
آنوش, MALE
عبدالنبي, MALE
ميرمهدي, MALE
طهمورث, MALE
اميرشهام الدين, MALE
ولي الله, MALE
يوريك, MALE
كيهاندخت, FEMALE
يكتا, FEMALE
سيدپدرام, MALE
ميرسعيد, MALE
سوفيا, FEMALE
سيده وجيهه, FEMALE
هه ورام, MALE
مهربان, MALE
محب علي, MALE
مهرانه, FEMALE
سيدسروش, MALE
سيده صفورا, FEMALE
عبدالحميد, MALE
سيدكامل, MALE
منصور, MALE
عباس, MALE
لاله, FEMALE
سيدحبيب اله, MALE
ارينب, FEMALE
عباد, MALE
عارفه, FEMALE
شهره, FEMALE
عمران, MALE
اديب, MALE
صبري, FEMALE
يروانت, MALE
پاندورا, FEMALE
هومان, MALE
طه, MALE
عامر, MALE
نورگلدي, MALE
خبات, MALE
محمداحسان, MALE
كرامت, MALE
ودود, MALE
نازيلا, FEMALE
سيداميرمهدي, MALE
جهانبخش, MALE
ميرابوالفضل, MALE
بنفشه, FEMALE
خانم زهرا, FEMALE
فرشاد, MALE
گلزاده, FEMALE
سيدعمار, MALE
دارا, MALE
اميركيا, MALE
عمادالدين, MALE
حمداله, MALE
محمدمهرداد, MALE
ناعمه, FEMALE
اميراسماعيل, MALE
محمدعرفان, MALE
بايرام, MALE
پرتو, FEMALE
كريت, MALE
وحدانه, FEMALE
گوهر, FEMALE
محمود, MALE
پريماه, FEMALE
نوراله, MALE
آرين, MALE
حجت الله, MALE
محمدتقي, MALE
گلثومه, FEMALE
اميرعباس, MALE
اليار, MALE
حسنعلي, MALE
سيداسعد, MALE
سمانه, FEMALE
دلير, MALE
پرناز, FEMALE
سيدمهرزاد, MALE
سيدپوريا, MALE
الياس, MALE
سيده نژلا, FEMALE
حسين طاها, MALE
سونا, FEMALE
سيده صالحه, FEMALE
افشار, MALE
رافيك, MALE
مرجان سادات, FEMALE
بيگلر, MALE
آريا, MALE
يحيي, MALE
ابوالحسن, MALE
زاهد, MALE
طرلان, FEMALE
مقصود, MALE
آريز, MALE
رهبر, MALE
نداالسادات, FEMALE
سيدمحمدامين, MALE
رهام, MALE
محمدمعراج, MALE
مرجان, FEMALE
سوما, FEMALE
محمدوحيد, MALE
سيده عاطفه, FEMALE
محمدمعين, MALE
پري ناز, FEMALE
ائلشأن, FEMALE
سودابه, FEMALE
عبدالصالح, MALE
كيميا, FEMALE
محمدآصف, MALE
مريم سادات, FEMALE
سيدماهان, MALE
ماجد, MALE
سيدنعيم, MALE
اميرمحمود, MALE
والح, MALE
اميرسام, MALE
زانا, MALE
مسلم, MALE
عيسي, MALE
صحبت اله, MALE
كامياب, MALE
محياسادات, FEMALE
فرشته, FEMALE
كبريا, MALE
سيدبرهان, MALE
عباس رضا, MALE
طاهره, FEMALE
هايبرت, MALE
اله بخش, MALE
بتول, FEMALE
پرشيا, FEMALE
مهيار, MALE
كاميار, MALE
اميرارشيا, MALE
رابعه, FEMALE
افروزپري, FEMALE
فيض اله, MALE
ائلمان, MALE
سيده مونا, FEMALE
خاطره, FEMALE
پريسا, FEMALE
روزينا, FEMALE
مطهره, FEMALE
كرم, MALE
مهرناز, FEMALE
ملكه, FEMALE
سيدمرتضي, MALE
اميرارسلان, MALE
فاضل, MALE
عميد, MALE
زيبا, FEMALE
علي مراد, MALE
ميرمحمد, MALE
سيددانيال, MALE
سيده عسل, FEMALE
نازپري, FEMALE
اسماعيل, MALE
محبوبه السادات, FEMALE
اياد, MALE
نواب, MALE
سيدحميد, MALE
سيداحد, MALE
صفرعلي, MALE
سيدآمين, MALE
صنمبر, FEMALE
ساينا, FEMALE
آزاد, MALE
حوا, FEMALE
سيدسپهر, MALE
فراصت, FEMALE
طهورا, FEMALE
اشكان, MALE
عبداله, MALE
سيداميرمحمد, MALE
هيوا, MALE
پريرخ, FEMALE
سيدپيمان, MALE
زري, FEMALE
خدايار, MALE
سيدسامان, MALE
شهباز, MALE
لقمان, MALE
آكام, MALE
سيدجلال الدين, MALE
آتوسا, FEMALE
مهريه, FEMALE
آتنا, FEMALE
سعدي, MALE
ناصح, MALE
سيدوهاب, MALE
فلكناز, MALE
ناصر, MALE
سيدمحمدحامد, MALE
سيدعقيل, MALE
مارال, FEMALE
آرموند, MALE
شانار, FEMALE
رستم, MALE
اژدر, MALE
آمينه, FEMALE
عبدالمحمد, MALE
ميرداود, MALE
ختن, FEMALE
نريمان, MALE
آذرميدخت, FEMALE
سروين, FEMALE
ملينا, FEMALE
مرحمت, FEMALE
گلاره, FEMALE
سيدسهراب, MALE
ميلاد, MALE
محمدنقي, MALE
روزبهان, MALE
نسرين, FEMALE
پورك, MALE
سيدسامي, MALE
سيده معصومه, FEMALE
شهاب الدين, MALE
روزا, FEMALE
مليكا, FEMALE
سيده سميرا, FEMALE
نازي, FEMALE
آدينه, FEMALE
برديا, MALE
سيداميرطاهر, MALE
رحمان, MALE
ياسمن, FEMALE
اليكا, FEMALE
فرهاد, MALE
اميرميلاد, MALE
ايران دخت, FEMALE
اردلان, MALE
نسيم, FEMALE
سعيده سادات, FEMALE
كاميل, MALE
عاطفه, FEMALE
سيده طاهره, FEMALE
داريوش, MALE
سيدطيب, MALE
سيدارسلان, MALE
ياشار, MALE
سناء, FEMALE
نورجهان, FEMALE
سيدنادر, MALE
عزت اله, MALE
سيدفرزين, MALE
الحان, FEMALE
ميررحيم, MALE
اباذر, MALE
حسيبه, FEMALE
ميرجمال, MALE
سنار, MALE
تكناز, FEMALE
شهربانو, FEMALE
آيلين, FEMALE
كسري, MALE
ائليار, MALE
ميكائيل, MALE
ميراميدالدين, MALE
فرهام, MALE
حمدالله, MALE
مراد, MALE
حبيبه, FEMALE
خدر, MALE
خداداد, MALE
انيس, FEMALE
سيدآرمين, MALE
احسان اله, MALE
محمدبهراد, MALE
فرنود, MALE
عبدالرسول, MALE
سيدداوود, MALE
علي اوسط, MALE
غفور, MALE
امه ليلا, FEMALE
هنگامه, FEMALE
بيدا, FEMALE
سيدمسعود, MALE
يونس, MALE
متين السادات, FEMALE
بهشته, FEMALE
عبدالهادي, MALE
محمدجابر, MALE
محمدعمر, MALE
افسانه, FEMALE
سيدباقر, MALE
ميريوسف, MALE
سيدروح اله, MALE
بهارك, FEMALE
محمدقائم, MALE
فرنوش, FEMALE
سيدحكيم, MALE
بهاره, FEMALE
محمدشورش, MALE
كيوان, MALE
مبشر, MALE
نادر, MALE
ثمانه, FEMALE
مهلاالسادات, FEMALE
علي حسن, MALE
ژوان, FEMALE
سيداميراحمد, MALE
محمدعلي, MALE
سمكو, MALE
محمدرضا, MALE
مهشيدالسادات, FEMALE
اركان, MALE
ابوالفضل, MALE
رضيه, FEMALE
انور, MALE
باور, FEMALE
ذليخا, FEMALE
عقيل, MALE
انوش, MALE
حميرا, FEMALE
وهاب, MALE
سيده زيبا, FEMALE
علي محمد, MALE
علويه, FEMALE
شكراله, MALE
محمداعظم, MALE
هدايت, MALE
حبيب مراد, MALE
قدير, MALE
بانو, FEMALE
سيدمحمدصادق, MALE
حداد, MALE
هژير, MALE
سيدابراهيم, MALE
اسماء, FEMALE
حميده, FEMALE
خرم, MALE
غياث الدين, MALE
قدريه, FEMALE
عبدالبصير, MALE
عسكري, MALE
بيگم, FEMALE
حبيب اله, MALE
گل خندان, FEMALE
فيروز, MALE
سيده رقيه, FEMALE
مستعان, MALE
محمداسماعيل, MALE
شقايق سادات, FEMALE
هما, FEMALE
مرسا, FEMALE
هلن, FEMALE
احمد, MALE
همت, MALE
سيدآصف, MALE
نيايش, FEMALE
راهله, FEMALE
عبدالعلي, MALE
تورج, MALE
سيدپرهام, MALE
ساميار, MALE
مجيد, MALE
نوريقدي, MALE
مجير, MALE
پرديس, FEMALE
زكريا, MALE
سيدناصر, MALE
ذوالفقار, MALE
سراج, MALE
گيسانه, FEMALE
ربعلي, MALE
علي عسكر, MALE
بهشاد, MALE
هدايتعلي, MALE
هنا, FEMALE
رمضان, MALE
راميار, MALE
نقدعلي, MALE
سياوش, MALE
شهروز, MALE
وريا, MALE
فريما, FEMALE
حشمت الله, MALE
شارخ, MALE
دينا, FEMALE
اورهان, MALE
ياسمين, FEMALE
سيداكبر, MALE
صلاح, MALE
سيدايمان, MALE
اكرم سادات, FEMALE
سيداصلان, MALE
شادي, FEMALE
براء, MALE
برات, MALE
نجيمه, FEMALE
اسرافيل, MALE
درسا, FEMALE
زرين, FEMALE
سيدسعد, MALE
گودرز, MALE
نديم, MALE
منورا, FEMALE
عزت السادات, FEMALE
اسفنديار, MALE
تيمور, MALE
سيامك, MALE
آتيه, FEMALE
آي سان, FEMALE
جاهد, MALE
سالار, MALE
سيدطالب, MALE
سيده فائزه, FEMALE
قربانعلي, MALE
عسل سادات, FEMALE
مصعب, MALE
صالحه, FEMALE
طاهر, MALE
بهلول, MALE
سيدحكمت اله, MALE
پيشوا, MALE
بهادر, MALE
يسنا, FEMALE
ارغوان, FEMALE
طاها, MALE
محبت, FEMALE
شهزاد, MALE
پژمان, MALE
قباد, MALE
خضر, MALE
اميدوار, MALE
جبار, MALE
نشمين, FEMALE
بزرگمهر, MALE
جامي, MALE
حديثه, FEMALE
البرز, MALE
سيدآرش, MALE
سيدكوروش, MALE
فهيمه, FEMALE
بايرام گلدي, MALE
اميرهوشنگ, MALE
محمدعرشيا, MALE
محمدكريم, MALE
كوكب, FEMALE
اسكندر, MALE
محمدحسن, MALE
ساسان, MALE
زهره, FEMALE
گلشاد, FEMALE
زهري, FEMALE
بهاران, FEMALE
آي لار, FEMALE
ناظر, MALE
لطيفه, FEMALE
اروج, MALE
آرتميس, FEMALE
سيده رؤيا, FEMALE
سيديونس, MALE
ميترا, FEMALE
طيبه, FEMALE
صهيب, MALE
عبدالصاحب, MALE
ناطق, MALE
محمدامين, MALE
زهرا, FEMALE
محمدمسيح, MALE
كامران, MALE
محمدامير, MALE
سيده رابعه, FEMALE
سميه, FEMALE
محمداميد, MALE
سميع, MALE
سنجر, MALE
سيده طهورا, FEMALE
بشير, MALE
وحيده, FEMALE
اميرتهمور, MALE
هستي, FEMALE
طالب, MALE
عبدالرحمان, MALE
اكبر, MALE
روشن, MALE
نوبهار, FEMALE
ام البنين, FEMALE
پانته آسادات, FEMALE
سيداردلان, MALE
سيده مليحه, FEMALE
جهاندار, MALE
اميرصالح, MALE
سمير, MALE
سيده سمانه, FEMALE
گل افروز, FEMALE
فربود, MALE
ميرميثم, MALE
سيدتقي, MALE
سيده فاطمه زهرا, FEMALE
عبدالرضا, MALE
فريبرز, MALE
زهراسادات, FEMALE
سيدفخرالدين, MALE
علي مردان, MALE
افراز, MALE
شلاله, FEMALE
آرمان, MALE
شريفه, FEMALE
زرنگار, FEMALE
سيدنصراله, MALE
حانيه سادات, FEMALE
فرنگيس, FEMALE
گيسو, FEMALE
دايا, MALE
زينب, FEMALE
سراج اله, MALE
فراز, MALE
شاديه, FEMALE
زينت, FEMALE
زهراء, FEMALE
محمدقاسم, MALE
سيده مطهره, FEMALE
ويلا, FEMALE
سيدولي اله, MALE
مجيدرضا, MALE
هدي السادات, FEMALE
عبدالصمد, MALE
هامون, MALE
سيدكمال الدين, MALE
ناهيد, FEMALE
كامبيز, MALE
عقيله, FEMALE
هيبت الله, MALE
سيداحمد, MALE
وجيهه, FEMALE
ميثم, MALE
ماهك, FEMALE
ژيلوان, MALE
جليل, MALE
سيدمجيد, MALE
روژان, FEMALE
قادر, MALE
ماني, MALE
منيره السادات, FEMALE
بي بي فاطمه, FEMALE
عبدالحسن, MALE
مهدي يار, MALE
سيدشروين, MALE
محمدحسام, MALE
گشين, FEMALE
اصغر, MALE
محمدايوب, MALE
محمدحسان, MALE
محمدقسيم, MALE
سيدزاهدين, MALE
كيومرث, MALE
محمدياسين, MALE
عصمت, FEMALE
عبدالحسين, MALE
مانا, FEMALE
احسان, MALE
داود, MALE
ايلقار, MALE
موسي الرضا, MALE
هايده, FEMALE
شيركو, MALE
آلاء, FEMALE
ماجده, FEMALE
بي بي زهرا, FEMALE
دانش, MALE
سيدياسر, MALE
ساغر, FEMALE
ساريه, FEMALE
چنور, FEMALE
يلدا, FEMALE
فيصل, MALE
سيده الناز, FEMALE
حوريه, FEMALE
سام, MALE
سبا, FEMALE
محمدسجاد, MALE
مبيناسادات, FEMALE
سيدعلي رضا, MALE
مالك, MALE
ثمرگل, FEMALE
عرفان, MALE
سحرسادات, FEMALE
آمنه السادات, FEMALE
ضرغام, MALE
عبيداله, MALE
گلاله, FEMALE
ملكعلي, MALE
كريمه, FEMALE
محبوبه, FEMALE
كوثر, FEMALE
سردار, MALE
سيدطاها, MALE
ساعد, MALE
ميربهمن يار, MALE
الهشكر, MALE
معراج, MALE
آرزيتون, FEMALE
بامداد, MALE
حوريا, FEMALE
شيرين, FEMALE
سيدعبداله, MALE
سيده ثناء, FEMALE
حميدرضا, MALE
تكتم, FEMALE
بديع, MALE
فراندخت, FEMALE
ام ليلي, FEMALE
افشين, MALE
سمينه, FEMALE
سيده شريفه, FEMALE
عبيد, MALE
سيدطاهر, MALE
ظهير, MALE
مهنوش, FEMALE
دانا, FEMALE
سيده صغري, FEMALE
بشري, FEMALE
نصرالله, MALE
لعيا, FEMALE
ترنم, FEMALE
راستين, MALE
ميرمجتبي, MALE
گل آرا, FEMALE
جاسم بخش, MALE
سولماز, FEMALE
رضوانه, FEMALE
جمال, MALE
عميدرضا, MALE
هوشنگ, MALE
ام ليلا, FEMALE
سيدشاهين, MALE
كيا, MALE
فرج الله, MALE
سيده اعظم, FEMALE
رحيم, MALE
سيددادور, MALE
رادمان, MALE
فريدون, MALE
سيده ليلا, FEMALE
فؤاد, MALE
آرادا, MALE
عباداله, MALE
ستوده, FEMALE
سيده سارا, FEMALE
الهام, FEMALE
صنعان, MALE
يزدان, MALE
ثمين, FEMALE
ارسلان, MALE
مقداد, MALE
ظهور, FEMALE
شعبان, MALE
آرشام, MALE
يوسف, MALE
غياث, MALE
عرفانه, FEMALE
متينه, FEMALE
سيدصلاح الدين, MALE
علي حسين, MALE
ديبا, FEMALE
عبدالوحيد, MALE
عبدالمحسن, MALE
سمرخ, FEMALE
شهرزاد, FEMALE
محمدباقر, MALE
متينا, FEMALE
محمدنويد, MALE
اقدس, FEMALE
آتش, FEMALE
مسيح اله, MALE
سيداميرهمايون, MALE
عبدالحمزه, MALE
سيدميكائيل, MALE
رباب سادات, FEMALE
روزبه, MALE
علي رضا, MALE
ناجي, MALE
سحر, FEMALE
هوتن, MALE
سامي, MALE
محمدرحيم, MALE
يگانه زهرا, FEMALE
احمدعلي, MALE
عهديه, FEMALE
سيدمصطفي, MALE
سيتا, FEMALE
محمدجمال, MALE
پوراندخت, FEMALE
سيدغلامرضا, MALE
سيدمحسن, MALE
آيدين, MALE
تهمينه, FEMALE
معزز, FEMALE
احمدرضا, MALE
سيدمبين, MALE
سعاد, FEMALE
سلطان, MALE
چيمن, FEMALE
سيده مهناز, FEMALE
بي بي مليحه, FEMALE
سيده آوا, FEMALE
حنانه سادات, FEMALE
سيدنظام الدين, MALE
سخا, MALE
عزيزه بگم, FEMALE
زبير, MALE
رامسين, MALE
سبحان, MALE
شايان, MALE
نورمحمد, MALE
گيتي, FEMALE
سيده زينب, FEMALE
بيتا, FEMALE
حسن علي, MALE
سالم, MALE
خلف, MALE
فرشيد, MALE
ايلناز, FEMALE
محمدايمان, MALE
محمدفؤاد, MALE
عبدالله, MALE
اميرشايان, MALE
ترانه, FEMALE
بيان, FEMALE
كلثوم, FEMALE
قمري, FEMALE
سيده فاطمه, FEMALE
سدا, FEMALE
پروين, FEMALE
سيدحسام الدين, MALE
محمدماهان, MALE
ميرآيدين, MALE
سيدسينا, MALE
سيدحسين, MALE
اميربهادر, MALE
سيدكيانوش, MALE
سيدمحمدصالح, MALE
سيدفريد, MALE
آرتين, MALE
محمودرضا, MALE
كوشا, MALE
ژوبين, MALE
سيدهومن, MALE
وحدت, MALE
پرويز, MALE
هوار, FEMALE
سيدروح الله, MALE
فتانه, FEMALE
سيدبهنام, MALE
فاطمه السادات, FEMALE
آنيتا, FEMALE
سيده خاتون, FEMALE
آروين, MALE
محمدارشد, MALE
جهان بخش, MALE
ام الفروه, FEMALE
باقر, MALE
اميرسپهر, MALE
سيداحسان, MALE
سيده غزاله, FEMALE
احدالله, MALE
نويد, MALE
حكيم, MALE
نغمه سادات, FEMALE
سيده كوثر, FEMALE
محمدداود, MALE
قاسم, MALE
امام بخش, MALE
زيور, FEMALE
سيده تكتم, FEMALE
سيدحاتم, MALE
سيده ساغر, FEMALE
سيده پريا, FEMALE
سرو, FEMALE
آذر, FEMALE
عبدالروف, MALE
سيدعلي اصغر, MALE
ياسان, MALE
فرقان, MALE
كورش, MALE
راحله, FEMALE
سيدعبدالمحمد, MALE
محمديوسف, MALE
ناصرالدين, MALE
حسام, MALE
حانيه, FEMALE
نظام, MALE
سيده صديقه, FEMALE
رجب محمد, MALE
عبدالرئوف, MALE
سيدسپاس, MALE
ايوب, MALE
پروين دخت, FEMALE
جاسم, MALE
زليخا, FEMALE
نسيمه, FEMALE
مليحه, FEMALE
جاويد, MALE
مائده سادات, FEMALE
رنجبر, MALE
آرش, MALE
نائب, MALE
سيدوحيد, MALE
ميرناصر, MALE
زهراالسادات, FEMALE
طيبه السادات, FEMALE
سيدمعين, MALE
سيدكمال, MALE
مهرشاد, MALE
سيده گلستان, FEMALE
جسيم, MALE
پان ته آ, FEMALE
تقي, MALE
سجاد, MALE
طارق, MALE
الينا, FEMALE
احترام سادات, FEMALE
عبدالعزيز, MALE
گل لر, FEMALE
سيدفرج اله, MALE
فربد, MALE
بهارناز, FEMALE
عوضعلي, MALE
عائشه, FEMALE
آناهيتا, FEMALE
ناديا, FEMALE
آسو, MALE
ابوطالب, MALE
شيدا, FEMALE
يارمحمد, MALE
اكرم السادات, FEMALE
محمدرفيع, MALE
سيده مائده, FEMALE
سيدكريم, MALE
ناهيده, FEMALE
گلبرگ, FEMALE
سيدفضل اله, MALE
ئاسو, FEMALE
بصيرا, FEMALE
پارسيا, MALE
مهرانگيز, FEMALE
پرستو, FEMALE
ناديه, FEMALE
فوأد, MALE
نيكتا, FEMALE
مختار, MALE
مهداء, FEMALE
فرشته السادات, FEMALE
رزگار, MALE
روح اله, MALE
ياور, MALE
مريم, FEMALE
سلطان خانم, FEMALE
آرميتا, FEMALE
عبدالزهرا, MALE
بهجت, FEMALE
صائب, MALE
فتاح, MALE
هيژا, MALE
ابراهيم, MALE
فوآد, MALE
هليا, FEMALE
هادي, MALE
عنايت اله, MALE
ماريه, FEMALE
سيدبابك, MALE
مرادقليچ, MALE
وفا, MALE
سيدمهيار, MALE
فرهود, MALE
محمدمهرزاد, MALE
خسرو, MALE
سعادت, MALE
خليفه, MALE
سيده بيتا, FEMALE
سيدافشين, MALE
اميرمحمد, MALE
علي اشرف, MALE
فرح سيما, FEMALE
زانيار, MALE
محي الدين, MALE
ماريا, FEMALE
طاهره السادات, FEMALE
هيفاء, FEMALE
سيدخضر, MALE
سيدلقمان, MALE
نوراحمد, MALE
رسول, MALE
مجاهد, MALE
هشام, MALE
شاهو, MALE
صونا, FEMALE
مدينه, FEMALE
مهسا, FEMALE
محمدپرويز, MALE
پيمان, MALE
سيده كيانا, FEMALE
ميرعلي, MALE
تريفه, FEMALE
شاهد, MALE
محمدمصطفي, MALE
سيدرامين, MALE
سيدمسلم, MALE
امراه, MALE
فرح ناز, FEMALE
روح الله, MALE
سيده سحر, FEMALE
صلاح الدين, MALE
كاظم, MALE
حديث, FEMALE
مهرو, FEMALE
فرهنگ, MALE
مهري, FEMALE
ميررضا, MALE
سيدابوالحسن, MALE
بهار, FEMALE
محدثه السادات, FEMALE
ساجده السادات, FEMALE
سيداسماعيل, MALE
هاجر, FEMALE
سيده ساجده, FEMALE
زهره سادات, FEMALE
جعفر, MALE
معصومعلي, MALE
بنيامين, MALE
فاطمه زهرا, FEMALE
طلا, FEMALE
بهرام, MALE
سيدآرين, MALE
سيدآرمان, MALE
ابوعلي, MALE
سيده نفيسه, FEMALE
سيدركن الدين, MALE
سيدمحراب, MALE
اميرعطا, MALE
زهير, MALE
مرضيه سادات, FEMALE
ولي, MALE
مژده, FEMALE
غزال, FEMALE
صدرا, MALE
ابوبكر, MALE
محمدجواد, MALE
سعيد, MALE
عبدالناصر, MALE
فهيمه سادات, FEMALE
درنا, FEMALE
ميرحجت, MALE
مژگان السادات, FEMALE
هاتف, MALE
زانكو, MALE
بهراد, MALE
حمزه, MALE
خداكرم, MALE
سيدرهام, MALE
مهدي, MALE
عزيز, MALE
چالاك, MALE
ركسانا, FEMALE
انسيه, FEMALE
جوادعلي, MALE
اهورا, MALE
محمدميعاد, MALE
دادگر, MALE
عظيم بردي, MALE
اسامه, MALE
محمدنبي, MALE
سيده هستي, FEMALE
ارژنگ, MALE
سيده زهرا, FEMALE
اميرسامان, MALE
اميررضا, MALE
ثمينه, FEMALE
اله داد, MALE
سامان, MALE
فهيم, MALE
وهب, MALE
ظاهر, MALE
كامل, MALE
سيدعلي اكبر, MALE
مهرداد, MALE
عبدالغني, MALE
اميرمهدي, MALE
مانيا, FEMALE
ميرزاهد, MALE
كمال الدين, MALE
شاهرخ, MALE
سپنتا, MALE
محدثه, FEMALE
سروش, MALE
شكوه سادات, FEMALE
شكوفه, FEMALE
الميرا, FEMALE
آيناز, FEMALE
مهين تاج, FEMALE
سيده مهديه, FEMALE
پوريا, MALE
پويا, MALE
سرور, FEMALE
مرتضي, MALE
سروه, FEMALE
هوروش, FEMALE
حنانه, FEMALE
نجمه, FEMALE
مليحه سادات, FEMALE
آق سلطان, FEMALE
محيي, MALE
گلنار, FEMALE
گلناز, FEMALE
جهان, FEMALE
مژگان سادات, FEMALE
حامد, MALE
نسترن, FEMALE
اسحق, MALE
صاحب, MALE
سيده مرجان, FEMALE
فروزان, FEMALE
اللهويردي, MALE
سعادت الله, MALE
الهام السادات, FEMALE
سپيده, FEMALE
محيا, FEMALE
عسگري, MALE
سيدضياءالدين, MALE
كيان, MALE
سارينا, FEMALE
گزل, FEMALE
موژان, FEMALE
حامي, MALE
سيدفرشاد, MALE
ايراندخت, FEMALE
شارونا, FEMALE
شميم, FEMALE
ويس, MALE
اميرعلي, MALE
لاوين, FEMALE
نازنين زهرا, FEMALE
جلال الدين, MALE
منيژه, FEMALE
طاهره سادات, FEMALE
سيدمحمدايمان, MALE
نجلا, FEMALE
ميرفاضل, MALE
سيدشهاب الدين, MALE
اميرسعيد, MALE
اميرحمزه, MALE
نرجس, FEMALE
سيده نسيم, FEMALE
بهناز, FEMALE
سرمد, MALE
سيدعبداللطيف, MALE
راويه, FEMALE
مهرگان, FEMALE
طيب, MALE
برنا, MALE
جهان پور, MALE
قربان, MALE
سهراب, MALE
بهدادرضا, MALE
سيدمحمدتقي, MALE
سيداميد, MALE
ستايش, FEMALE
حاكم, MALE
پروانه, FEMALE
حنظله, MALE
خورشيد, FEMALE
محمدابراهيم, MALE
سيدامير, MALE
ريحانه, FEMALE
هاشم, MALE
مي خانم, FEMALE
زكيه, FEMALE
حكيمه سادات, FEMALE
سيدمحمود, MALE
مزدك, MALE
چكامه, FEMALE
ساليا, FEMALE
دل آرام, FEMALE
زاگروس, MALE
اميرهادي, MALE
جلاله, FEMALE
فريماه, FEMALE
سيدسراج الدين, MALE
نرگس, FEMALE
دادرس, MALE
فواد, MALE
محمدشهاب, MALE
ماهرو, FEMALE
ثارالله, MALE
سيدمحمدعرفان, MALE
نجات علي, MALE
حافظ, MALE
محنا, FEMALE
ميراحسان, MALE
سيده سعيده, FEMALE
مهسان, FEMALE
محمدزمان, MALE
عزيزاله, MALE
محمدمهزيار, MALE
ماهرخ, FEMALE
سيده گوهرالشريعه, FEMALE
محمد, MALE
كيانور, MALE
يلداسادات, FEMALE
گلشيد, FEMALE
شيده, FEMALE
سيدمحمدمحسن, MALE
پيمانه, FEMALE
سيدقوام الدين, MALE
فخري, FEMALE
محمدداوود, MALE
سيدضياء, MALE
سما, FEMALE
ميرحسن, MALE
عبدالمجيد, MALE
صابر, MALE
سيدامين, MALE
محمدصالح, MALE
معاويه, MALE
امراله, MALE
بهنام, MALE
ساريناسادات, FEMALE
نصرا, FEMALE
راشد, MALE
نصرت, MALE
كيانوش, MALE
زبيده, FEMALE
افروز, FEMALE
محدثه سادات, FEMALE
مصلح, MALE
ميرامين, MALE
روژين, FEMALE
محسن, MALE
سيدحجت اله, MALE
سمن, FEMALE
سيده نگين, FEMALE
مبين, MALE
مديسا, FEMALE
ميرميلاد, MALE
فرود, MALE
محمدفاضل, MALE
هانيه, FEMALE
سيدمهران, MALE
احد, MALE
معين, MALE
حسنا, FEMALE
سيده فرشته, FEMALE
شمسي, FEMALE
بهبود, MALE
سيمين, FEMALE
عاليه, FEMALE
سيدعبدالجواد, MALE
مهوان, MALE
سها, FEMALE
نجفعلي, MALE
سيدمجتبي, MALE
سيده مينا, FEMALE
كمال, MALE
سليمان, MALE
سيدنورالدين, MALE
وحيد, MALE
ذكريا, MALE
صفوره, FEMALE
زين العابدين, MALE
راضيه, FEMALE
موناالسادات, FEMALE
بشيراحمد, MALE
نظمت, FEMALE
حماد, MALE
اميراحسان, MALE
معيد, MALE
سيدرحيم, MALE
سيدجمال, MALE
علي صفدر, MALE
نجم الدين, MALE
محرم, MALE
سيدمحمدحسين, MALE
سهي, MALE
طراوت, FEMALE
آنا, FEMALE
صفورا, FEMALE
پارسا, MALE
مرضيه السادات, FEMALE
حاجي, MALE
عبدالحكيم, MALE
احمدجواد, MALE
سيده درسا, FEMALE
ميربابك, MALE
حنيفه, FEMALE
اميرپارسا, MALE
عظيمه, FEMALE
سيده مبينا, FEMALE
آني, FEMALE
فاطمه مانا, FEMALE
برهان, MALE
جميل, MALE
سيدابوالقاسم, MALE
اميرمحسن, MALE
سيديوسف, MALE
نيره السادات, FEMALE
ليا, FEMALE
نصيبه, FEMALE
ريحانه سادات, FEMALE
سيدمحمدمهدي, MALE
ياصر, MALE
عالمه, FEMALE
اختر, FEMALE
حاتم, MALE
عطاء, MALE
آوا, FEMALE
ماننا, FEMALE
آود, MALE
عرشيا, MALE
ارسطو, MALE
اسداله, MALE
سيده حكيمه, FEMALE
مرضيه, FEMALE
ستاره, FEMALE
نفيسه سادات, FEMALE
الهام سادات, FEMALE
حامدامين, MALE
سيدسليم, MALE
بارزان, MALE
غضنفر, MALE
دل آرا, FEMALE
نسرين سادات, FEMALE
سيدمحمدكاظم, MALE
سرگل, FEMALE
عبدل الستار, MALE
سيدمهرشاد, MALE
دسپينا, FEMALE
اميرساسان, MALE
پونه, FEMALE
عبدالجليل, MALE
حامدرضا, MALE
سيدجمال الدين, MALE
آرمين, MALE
ياسر, MALE
ميركريم, MALE
اميرحسين, MALE
عبدالقادر, MALE
اكرم, FEMALE
اسد, MALE
آيت, MALE
نگين, FEMALE
مينو, FEMALE
ميرفرهاد, MALE
ياري, MALE
دياكو, MALE
نرمين, FEMALE
سيدبهادر, MALE
اسحاق, MALE
مهديه سادات, FEMALE
ميثاق, MALE
سيده زهره, FEMALE
سيف الدين, MALE
ميرزاعلي, MALE
سيده سميه, FEMALE
طناز, FEMALE
هوشمند, MALE
پورشا, MALE
منيرالسادات, FEMALE
مينا, FEMALE
نجات, MALE
ماهان, MALE
سيدجابر, MALE
يوسفعلي, MALE
بختيار, MALE
امين الله, MALE
عبدالوهاب, MALE
اصلان, MALE
نيره, FEMALE
سيدمحمدرسول, MALE
آرامه, FEMALE
عسگر, MALE
محمدمتين, MALE
گلدخت سادات, FEMALE
سيدايوب, MALE
سيدحسام, MALE
نكيسا, FEMALE
اهون, MALE
كتايون, FEMALE
عثمان, MALE
سيده فروغ, FEMALE
رئوف, MALE
رضوان, FEMALE
چياكو, MALE
سيدمحمدهادي, MALE
صائمه, FEMALE
حاصل, MALE
نادره, FEMALE
سيده مژگان, FEMALE
سيدسجاد, MALE
رحمت اله, MALE
يعثوب, MALE
صفي اله, MALE
عطري, FEMALE
سيده سبا, FEMALE
سيدفراز, MALE
محمدفاروق, MALE
سيدقاسم, MALE
اتوسا, FEMALE
مرواريد, FEMALE
سيدمحمدجعفر, MALE
كفايت, FEMALE
حجارالدين, MALE
سيدنويد, MALE
صاحبه سادات, FEMALE
رعناسادات, FEMALE
آريان, MALE
فاطمه صغري, FEMALE
آينه گل, FEMALE
سيدعبدالرضا, MALE
فريدرضا, MALE
رويه, FEMALE
فايزه, FEMALE
نظيره, FEMALE
معزالدين, MALE
مصيب, MALE
اميراحمد, MALE
سيدجاسم, MALE
اشرف السادات, FEMALE
مهساسادات, FEMALE
مائده السادات, FEMALE
سيدعلينقي, MALE
محترم, FEMALE
سيدمنصور, MALE
محمدمسعود, MALE
سيدشمس الدين, MALE
امينه, FEMALE
يعقوبعلي, MALE
محمداديب, MALE
حسنيه, FEMALE
اباصلت, MALE
پريچهر, FEMALE
ذوالفعلي, MALE
منير, FEMALE
آفاق, FEMALE
رويا, FEMALE
شرف, FEMALE
محمدحبيب, MALE
عابدين, MALE
غلامعباس, MALE
فرزاد, MALE
شجاع, MALE
پانيذ, FEMALE
حسين, MALE
رضاعلي, MALE
ايمان, MALE
مهسانه, FEMALE
امين رضا, MALE
مهبانو, FEMALE
كارن, MALE
كيارمين, MALE
سيده محبوبه, FEMALE
كارو, MALE
محتشم, MALE
سلماز, FEMALE
شميره, FEMALE
سعيدرضا, MALE
سيداصغر, MALE
ذبيع اله, MALE
فرين, FEMALE
سيدظهير, MALE
فرزان, MALE
علاء, MALE
سيدساعد, MALE
مهتا, FEMALE
آسيه, FEMALE
راضيه سادات, FEMALE
هومن, MALE
عادله, FEMALE
سينا, MALE
دنيا, FEMALE
محمدحنيف, MALE
عفت السادات, FEMALE
شميسا, FEMALE
سيده آئين, FEMALE
پدرام, MALE
سيده مهشاد, FEMALE
پگاه, FEMALE
سلمان, MALE
سيدداريوش, MALE
سيدعبدالصمد, MALE
اسراء, FEMALE
سيدعليرضا, MALE
سيدميثم, MALE
هوشيار, MALE
سيدعمادالدين, MALE
بهاره سادات, FEMALE
سانازسادات, FEMALE
مرغوب, MALE
فائقه سادات, FEMALE
سيدجليل, MALE
تاراسادات, FEMALE
سيما, FEMALE
محمدجلال, MALE
سيدمحمداحسان, MALE
مهام, MALE
فرنگ, FEMALE
عزيزالله, MALE
ايليا, MALE
مهبد, MALE
فريد, MALE
مهتاب, FEMALE
ثريا, FEMALE
احترام, FEMALE
اقبال, MALE
فروغ, FEMALE
مهرنازالسادات, FEMALE
خيراله, MALE
سيدقادر, MALE
سيدداود, MALE
ياسين, MALE
عين اله, MALE
مهرالسادات, FEMALE
ريبوار, MALE
شروان, MALE
هابيل, MALE
برزو, MALE
قنبرعلي, MALE
جواهر, FEMALE
محمدشريف, MALE
ميرفياض, MALE
